{
"texture":"nn_jd_zhongjiang_light_point.png",
"gravity":{"x":0,"y":-200}
,"endGreen":255
,"endAlpha":0.8901960784313725
,"startGreen":255
,"radialAccelerationVariance":0
,"emitterType":0
,"blendFactorSource":"one"
,"duration":-1
,"emitterVariance":{"x":250,"y":50}
,"endRedVariance":0
,"maxRadius":100
,"tangentialAcceleration":0
,"maxRadiusVariance":30
,"emitter":{"x":0,"y":0}
,"blendFactorDestination":"oneMinusSourceAlpha"
,"minRadius":20
,"lifespanVariance":500
,"minRadiusVariance":10
,"startSize":30
,"startGreenVariance":0
,"startSizeVariance":20
,"startRed":255
,"rotatePerSecondVariance":10
,"endSize":30
,"startBlue":255
,"endSizeVariance":0
,"rotatePerSecond":30
,"lifespan":1000
,"emitAngle":90
,"tangentialAccelerationVariance":0
,"emitAngleVariance":180
,"radialAcceleration":0
,"startRotation":0
,"endBlue":255
,"startRotationVariance":0
,"startAlpha":0.8901960784313725
,"engGreenVariance":0
,"endBlueVariance":0
,"endRotationVariance":0
,"startRedVariance":0
,"endRotation":0
,"speedVariance":0
,"speed":0
,"maxParticles":5
,"startAlphaVariance":0
,"endAlphaVariance":0.8901960784313725
,"startBlueVariance":0
,"endRed":255
}