{"SubTexture":[{"height":430,"y":1,"frameWidth":698,"frameX":-19,"frameHeight":463,"frameY":-17,"width":662,"name":"baozhaguang2","x":1},{"height":313,"y":433,"frameWidth":516,"frameX":-33,"frameHeight":343,"frameY":-25,"width":467,"name":"baozhaguang1","x":1},{"height":147,"y":748,"frameWidth":156,"frameX":-1,"frameHeight":159,"frameY":-6,"width":155,"name":"bao","x":1},{"height":124,"y":897,"frameWidth":156,"frameX":-7,"frameHeight":159,"frameY":-18,"width":141,"name":"zhuang","x":1},{"height":98,"y":894,"frameWidth":126,"frameX":-36,"frameHeight":148,"frameY":-26,"width":55,"name":"shan3","x":252},{"height":144,"y":748,"frameWidth":126,"frameX":-6,"frameHeight":148,"frameY":-4,"width":115,"name":"shan2","x":158},{"height":87,"y":897,"frameWidth":126,"frameX":-12,"frameHeight":102,"frameY":-11,"width":106,"name":"shan1","x":144}],"width":1024,"name":"nn_jd_baozhuang","imagePath":"nn_jd_baozhuang_tex.png","height":1024}